{
  "project_info": {
    "project_number": "201982369156",
    "project_id": "myaccount-uat---ga4",
    "storage_bucket": "myaccount-uat---ga4.appspot.com"
  },
  "client": [
    {
      "client_info": {
        "mobilesdk_app_id": "1:201982369156:android:6e3e3c90cb41e8e07051d1",
        "android_client_info": {
          "package_name": "com.hydroottawa.uat"
        }
      },
      "oauth_client": [
        {
          "client_id": "201982369156-ooa04hvetb593tdrid7e0d4an71uv46t.apps.googleusercontent.com",
          "client_type": 3
        }
      ],
      "api_key": [
        {
          "current_key": "AIzaSyDK-yQoCtJe9MHdcSzuAzwBwd9LHIktMro"
        }
      ],
      "services": {
        "appinvite_service": {
          "other_platform_oauth_client": [
            {
              "client_id": "201982369156-ooa04hvetb593tdrid7e0d4an71uv46t.apps.googleusercontent.com",
              "client_type": 3
            },
            {
              "client_id": "201982369156-nkcq52gidrpg6ealbde1mn2tsv4nbq12.apps.googleusercontent.com",
              "client_type": 2,
              "ios_info": {
                "bundle_id": "com.hydrooottawa.uat"
              }
            }
          ]
        }
      }
    }
  ],
  "configuration_version": "1"
}