{
  "project_info": {
    "project_number": "166359746453",
    "project_id": "myaccount-qa-60cd6",
    "storage_bucket": "myaccount-qa-60cd6.appspot.com"
  },
  "client": [
    {
      "client_info": {
        "mobilesdk_app_id": "1:166359746453:android:8c32286043908fd959189c",
        "android_client_info": {
          "package_name": "com.hydroottawa.qa"
        }
      },
      "oauth_client": [
        {
          "client_id": "166359746453-nspmhs4vrv9qip64m8k93s7l066rmbp2.apps.googleusercontent.com",
          "client_type": 3
        }
      ],
      "api_key": [
        {
          "current_key": "AIzaSyCBO4wG2yTsHwkiCfW7l9HXJZUR27_COjI"
        }
      ],
      "services": {
        "appinvite_service": {
          "other_platform_oauth_client": [
            {
              "client_id": "166359746453-nspmhs4vrv9qip64m8k93s7l066rmbp2.apps.googleusercontent.com",
              "client_type": 3
            },
            {
              "client_id": "166359746453-6ebrvv0hf3aeikfd9dt3d5738lm35mmg.apps.googleusercontent.com",
              "client_type": 2,
              "ios_info": {
                "bundle_id": "com.hydroottawa.qa"
              }
            }
          ]
        }
      }
    }
  ],
  "configuration_version": "1"
}