{
  "images": [
    {
      "idiom": "ios-marketing",
      "filename": "appicon-1024x1024.png",
      "scale": "1x",
      "size": "1024x1024"
    },
    {
      "idiom": "iphone",
      "filename": "appicon-180x180.png",
      "scale": "3x",
      "size": "60x60"
    },
    {
      "idiom": "iphone",
      "filename": "appicon-120x120.png",
      "scale": "3x",
      "size": "40x40"
    },
    {
      "idiom": "iphone",
      "filename": "appicon-120x120.png",
      "scale": "2x",
      "size": "60x60"
    },
    {
      "idiom": "iphone",
      "filename": "appicon-87x87.png",
      "scale": "3x",
      "size": "29x29"
    },
    {
      "idiom": "iphone",
      "filename": "appicon-80x80.png",
      "scale": "2x",
      "size": "40x40"
    },
    {
      "idiom": "iphone",
      "filename": "appicon-60x60.png",
      "scale": "3x",
      "size": "20x20"
    },
    {
      "idiom": "iphone",
      "filename": "appicon-58x58.png",
      "scale": "2x",
      "size": "29x29"
    },
    {
      "idiom": "iphone",
      "filename": "appicon-40x40.png",
      "scale": "2x",
      "size": "20x20"
    }
  ],
  "info": {
    "version": 1,
    "author": "fastlane"
  }
}