{
  "project_info": {
    "project_number": "607727416501",
    "project_id": "myaccount-prod---ga4",
    "storage_bucket": "myaccount-prod---ga4.appspot.com"
  },
  "client": [
    {
      "client_info": {
        "mobilesdk_app_id": "1:607727416501:android:f660e4db17494101fdbafc",
        "android_client_info": {
          "package_name": "com.hydroottawa"
        }
      },
      "oauth_client": [
        {
          "client_id": "607727416501-0vgadts2aig40si35i3nnc66lchusjlt.apps.googleusercontent.com",
          "client_type": 3
        }
      ],
      "api_key": [
        {
          "current_key": "AIzaSyAElwhN5twqgXRxSDSxhMvPRlH14Rjw3UY"
        }
      ],
      "services": {
        "appinvite_service": {
          "other_platform_oauth_client": [
            {
              "client_id": "607727416501-0vgadts2aig40si35i3nnc66lchusjlt.apps.googleusercontent.com",
              "client_type": 3
            },
            {
              "client_id": "607727416501-9ia8u3kmv8uc5b7ditcenibk7ld6e5v5.apps.googleusercontent.com",
              "client_type": 2,
              "ios_info": {
                "bundle_id": "com.hydroottawa"
              }
            }
          ]
        }
      }
    }
  ],
  "configuration_version": "1"
}