{
  "angle-down": 61697,
  "angle-left": 61698,
  "angle-right": 61699,
  "angle-up": 61700,
  "arrow-down": 61701,
  "arrow-left": 61702,
  "arrow-right": 61703,
  "arrow-up": 61704,
  "bell": 61705,
  "billing-filled": 61706,
  "billing-period": 61707,
  "billing": 61708,
  "billsheet-filled": 61709,
  "calendar-filled": 61710,
  "calendar": 61711,
  "caret-down-filled": 61712,
  "caret-left-filled": 61713,
  "caret-right-filled": 61714,
  "caret-up-filled": 61715,
  "chat": 61716,
  "check-filled": 61717,
  "check": 61718,
  "circle-dot-filled": 61719,
  "circle-filled": 61720,
  "circle": 61721,
  "close": 61722,
  "daily": 61723,
  "delete-filled": 61724,
  "delete": 61725,
  "document": 61726,
  "download-pdf": 61727,
  "download-xlsx": 61728,
  "download": 61729,
  "drag": 61730,
  "edit": 61731,
  "ellipsis-vertical": 61732,
  "eye-filled": 61733,
  "eye-off-filled": 61734,
  "face-amazing-filled": 61735,
  "face-amazing": 61736,
  "face-bad-filled": 61737,
  "face-bad": 61738,
  "face-good-filled": 61739,
  "face-good": 61740,
  "face-neutral-filled": 61741,
  "face-neutral": 61742,
  "face-terrible-filled": 61743,
  "face-terrible": 61744,
  "favorite-filled": 61745,
  "favorite": 61746,
  "feedback": 61747,
  "flash-filled": 61748,
  "flash-off-filled": 61749,
  "flash-off": 61750,
  "flash": 61751,
  "grid-filled": 61752,
  "grid": 61753,
  "home-filled": 61754,
  "hourly": 61755,
  "info-filled": 61756,
  "info-invert-filled": 61757,
  "info-invert-square-filled": 61758,
  "info": 61759,
  "login": 61760,
  "logout": 61761,
  "moon-filled": 61762,
  "more-filled": 61763,
  "more": 61764,
  "moving-filled": 61765,
  "moving": 61766,
  "note": 61767,
  "pie-filled": 61768,
  "pie": 61769,
  "rates-filled": 61770,
  "rates": 61771,
  "rebate-filled": 61772,
  "receipt": 61773,
  "saving-filled": 61774,
  "search": 61775,
  "service-filled": 61776,
  "service": 61777,
  "sun-filled": 61778,
  "temperature-filled": 61779,
  "usage-filled": 61780,
  "usage": 61781,
  "user-add-filled": 61782,
  "user-add": 61783,
  "user-filled": 61784,
  "user-info": 61785,
  "user-settings": 61786,
  "user": 61787,
  "users-add": 61788,
  "users": 61789,
  "wallet-filled": 61790,
  "wallet": 61791,
  "warning-filled": 61792,
  "work-filled": 61793
}